id,created_at,product_id,product_name,product_sku,_quantity_on_hand,unit_cost,shelf_location,notes,entrada,salida,detalle
451238,2025-11-20 11:09:17,13320,CARRO HOT WHEELS BASICO,194735103065,205,2.65,SECCION DE JUGUETERIA,"IVA
",0,1,NotaVenta doc. 001-050-000085946
451174,2025-11-19 19:31:17,13320,CARRO HOT WHEELS BASICO,194735103065,206,2.65,SECCION DE JUGUETERIA,"IVA
",0,2,NotaVenta doc. 001-050-000085938
451155,2025-11-19 19:20:01,4588,COBIJILLA ECONOMICA MODELOS ,00000000001371A,62,3.29,LOCAL DE EDREDONES,"S/N
",0,2,Factura doc. 001-050-000331937
451147,2025-11-19 19:12:06,8396,MOÑO LIGA GERALDY NEGRA,NC1672,1956,0.12,LOCAL PRINCIPAL,"S/N
",0,1,NotaVenta doc. 001-050-000085935
451129,2025-11-19 18:03:52,13320,CARRO HOT WHEELS BASICO,194735103065,208,2.65,SECCION DE JUGUETERIA,"IVA
",72,0,"LOCAL MATRIZ
"
451117,2025-11-19 17:22:55,4003,SOMBRILLA AUTOMATICA 525-5/600,00000000001163A,140,2.56,LOCAL PRINCIPAL,"S/N
",0,4,"LOCAL TECNOLOGIA
"
450997,2025-11-19 12:53:49,8396,MOÑO LIGA GERALDY NEGRA,NC1672,1957,0.12,LOCAL PRINCIPAL,"S/N
",0,24,"MATRIZ
"
450966,2025-11-19 12:38:37,5132,ARETES FASHION X3 C/P,00000000001642A,610,1.0,VITRINA DE ARETES 1,"S/N
",0,3,"MATRIZ

"
450954,2025-11-19 12:34:14,5132,ARETES FASHION X3 C/P,00000000001642A,613,1.0,VITRINA DE ARETES 1,"S/N
",0,18,"MATRIZ
"
450951,2025-11-19 12:33:48,5132,ARETES FASHION X3 C/P,00000000001642A,631,1.0,VITRINA DE ARETES 1,"S/N
",0,1,NotaVenta doc. 001-050-000085887
450937,2025-11-19 11:07:38,5132,ARETES FASHION X3 C/P,00000000001642A,632,1.0,VITRINA DE ARETES 1,"S/N
",0,1,NotaVenta doc. 001-050-000085880
450792,2025-11-18 18:24:44,7850,FUNDA REGALO SIN CODIGO N.4,00000000002669A,3,0.45,LOCAL PRINCIPAL,"S/N
",0,1,NotaVenta doc. 001-050-000085860
450723,2025-11-18 16:37:34,5132,ARETES FASHION X3 C/P,00000000001642A,633,1.0,VITRINA DE ARETES 1,"S/N
",0,3,Factura doc. 001-050-000331885
450709,2025-11-18 16:37:34,8396,MOÑO LIGA GERALDY NEGRA,NC1672,1981,0.12,LOCAL PRINCIPAL,"S/N
",0,2,Factura doc. 001-050-000331885
450690,2025-11-18 16:28:55,6421,PILA PANAPLUS AA,6933298820026,1783,0.44,TABLERO DE BROCHAS,"S/N
",0,1,Factura doc. 001-050-000331884
450641,2025-11-18 15:58:26,7850,FUNDA REGALO SIN CODIGO N.4,00000000002669A,4,0.45,LOCAL PRINCIPAL,"S/N
",0,4,Factura doc. 001-050-000331882
450550,2025-11-18 15:19:55,6715,PINCHO VARIOS CC8581 C/U,00000000002284A,427,0.4,TABLERO DE BISUTERIA,"S/N
",0,2,Factura doc. 001-050-000331879
450532,2025-11-18 15:00:21,6715,PINCHO VARIOS CC8581 C/U,00000000002284A,429,0.4,TABLERO DE BISUTERIA,"S/N
",0,1,NotaVenta doc. 001-050-000085850
450525,2025-11-18 14:51:57,6715,PINCHO VARIOS CC8581 C/U,00000000002284A,430,0.4,TABLERO DE BISUTERIA,"S/N
",0,2,Factura doc. 001-050-000331878
450513,2025-11-18 14:10:29,4003,SOMBRILLA AUTOMATICA 525-5/600,00000000001163A,144,2.56,LOCAL PRINCIPAL,"S/N
",0,1,Factura doc. 001-050-000331875
450405,2025-11-18 11:17:34,4003,SOMBRILLA AUTOMATICA 525-5/600,00000000001163A,145,2.56,LOCAL PRINCIPAL,"S/N
",0,1,Factura doc. 001-050-000331868
450400,2025-11-18 11:15:51,4003,SOMBRILLA AUTOMATICA 525-5/600,00000000001163A,146,2.56,LOCAL PRINCIPAL,"S/N
",0,2,NotaVenta doc. 001-050-000085835
450390,2025-11-18 11:03:24,4003,SOMBRILLA AUTOMATICA 525-5/600,00000000001163A,148,2.56,LOCAL PRINCIPAL,"S/N
",0,1,Factura doc. 001-050-000331866
450322,2025-11-17 18:08:01,6715,PINCHO VARIOS CC8581 C/U,00000000002284A,432,0.4,TABLERO DE BISUTERIA,"S/N
",0,1,Factura doc. 001-050-000331851
450321,2025-11-17 17:54:35,5132,ARETES FASHION X3 C/P,00000000001642A,636,1.0,VITRINA DE ARETES 1,"S/N
",0,4,Factura doc. 001-050-000331850
450316,2025-11-17 17:50:02,5893,ARETE ORTOPEDICO AMERICANO,00000000001964A,1859,1.04,VITRINA DE LABIALES,"S/N
",0,1,NotaVenta doc. 001-050-000085826
450278,2025-11-17 17:19:16,5132,ARETES FASHION X3 C/P,00000000001642A,640,1.0,VITRINA DE ARETES 1,"S/N
",0,1,NotaVenta doc. 001-050-000085823
450269,2025-11-17 16:58:15,5893,ARETE ORTOPEDICO AMERICANO,00000000001964A,1860,1.04,VITRINA DE LABIALES,"S/N
",0,1,NotaVenta doc. 001-050-000085820
450258,2025-11-17 16:38:59,4588,COBIJILLA ECONOMICA MODELOS ,00000000001371A,64,3.29,LOCAL DE EDREDONES,"S/N
",0,1,Factura doc. 001-050-000331840
450221,2025-11-17 15:26:00,4003,SOMBRILLA AUTOMATICA 525-5/600,00000000001163A,149,2.56,LOCAL PRINCIPAL,"S/N
",0,1,NotaVenta doc. 001-050-000085812
450210,2025-11-17 14:37:15,4003,SOMBRILLA AUTOMATICA 525-5/600,00000000001163A,150,2.56,LOCAL PRINCIPAL,"S/N
",0,1,Factura doc. 001-050-000331832
450199,2025-11-17 14:04:02,4003,SOMBRILLA AUTOMATICA 525-5/600,00000000001163A,151,2.56,LOCAL PRINCIPAL,"S/N
",0,2,Factura doc. 001-050-000331830
450196,2025-11-17 13:44:29,4003,SOMBRILLA AUTOMATICA 525-5/600,00000000001163A,153,2.56,LOCAL PRINCIPAL,"S/N
",0,1,Factura doc. 001-050-000331829
450172,2025-11-17 12:33:17,7850,FUNDA REGALO SIN CODIGO N.4,00000000002669A,8,0.45,LOCAL PRINCIPAL,"S/N
",0,1,Factura doc. 001-050-000331826
450167,2025-11-17 12:05:26,5893,ARETE ORTOPEDICO AMERICANO,00000000001964A,1861,1.04,VITRINA DE LABIALES,"S/N
",0,1,Factura doc. 001-050-000331824
450130,2025-11-17 09:24:57,6715,PINCHO VARIOS CC8581 C/U,00000000002284A,433,0.4,TABLERO DE BISUTERIA,"S/N
",0,1,Factura doc. 001-050-000331817
450009,2025-11-16 16:35:11,4003,SOMBRILLA AUTOMATICA 525-5/600,00000000001163A,154,2.56,LOCAL PRINCIPAL,"S/N
",0,2,NotaVenta doc. 001-050-000085776
449982,2025-11-16 16:03:52,4003,SOMBRILLA AUTOMATICA 525-5/600,00000000001163A,156,2.56,LOCAL PRINCIPAL,"S/N
",0,1,NotaVenta doc. 001-050-000085770
449944,2025-11-16 14:35:14,4003,SOMBRILLA AUTOMATICA 525-5/600,00000000001163A,157,2.56,LOCAL PRINCIPAL,"S/N
",0,1,NotaVenta doc. 001-050-000085754
449924,2025-11-16 14:08:21,5893,ARETE ORTOPEDICO AMERICANO,00000000001964A,1862,1.04,VITRINA DE LABIALES,"S/N
",0,3,Factura doc. 001-050-000331793
449908,2025-11-16 13:36:17,8396,MOÑO LIGA GERALDY NEGRA,NC1672,1983,0.12,LOCAL PRINCIPAL,"S/N
",0,1,NotaVenta doc. 001-050-000085751
449795,2025-11-16 11:20:43,5893,ARETE ORTOPEDICO AMERICANO,00000000001964A,1865,1.04,VITRINA DE LABIALES,"S/N
",0,1,Factura doc. 001-050-000331769
449774,2025-11-16 11:01:12,13320,CARRO HOT WHEELS BASICO,194735103065,136,2.65,SECCION DE JUGUETERIA,"IVA
",0,1,Factura doc. 001-050-000331766
449770,2025-11-16 10:52:19,5132,ARETES FASHION X3 C/P,00000000001642A,641,1.0,VITRINA DE ARETES 1,"S/N
",0,1,NotaVenta doc. 001-050-000085731
449756,2025-11-16 10:32:05,5132,ARETES FASHION X3 C/P,00000000001642A,642,1.0,VITRINA DE ARETES 1,"S/N
",0,3,Factura doc. 001-050-000331762
449683,2025-11-15 20:00:50,7850,FUNDA REGALO SIN CODIGO N.4,00000000002669A,9,0.45,LOCAL PRINCIPAL,"S/N
",0,1,Factura doc. 001-050-000331749
449648,2025-11-15 18:43:32,4003,SOMBRILLA AUTOMATICA 525-5/600,00000000001163A,158,2.56,LOCAL PRINCIPAL,"S/N
",0,2,Factura doc. 001-050-000331738
449626,2025-11-15 18:10:50,4588,COBIJILLA ECONOMICA MODELOS ,00000000001371A,65,3.29,LOCAL DE EDREDONES,"S/N
",0,1,Factura doc. 001-050-000331733
449584,2025-11-15 17:20:22,4588,COBIJILLA ECONOMICA MODELOS ,00000000001371A,66,3.29,LOCAL DE EDREDONES,"S/N
",0,1,Factura doc. 001-050-000331724
449550,2025-11-15 16:34:43,13320,CARRO HOT WHEELS BASICO,194735103065,137,2.65,SECCION DE JUGUETERIA,"IVA
",0,10,"LOCAL TECNOLOGIA
"
449542,2025-11-15 16:19:10,7850,FUNDA REGALO SIN CODIGO N.4,00000000002669A,10,0.45,LOCAL PRINCIPAL,"S/N
",0,1,NotaVenta doc. 001-050-000085708
449534,2025-11-15 16:00:16,7850,FUNDA REGALO SIN CODIGO N.4,00000000002669A,11,0.45,LOCAL PRINCIPAL,"S/N
",0,1,NotaVenta doc. 001-050-000085707
449531,2025-11-15 15:47:55,7850,FUNDA REGALO SIN CODIGO N.4,00000000002669A,12,0.45,LOCAL PRINCIPAL,"S/N
",0,1,Factura doc. 001-050-000331711
449519,2025-11-15 15:35:37,7850,FUNDA REGALO SIN CODIGO N.4,00000000002669A,13,0.45,LOCAL PRINCIPAL,"S/N
",0,1,Factura doc. 001-050-000331710
449465,2025-11-15 14:10:12,6421,PILA PANAPLUS AA,6933298820026,1784,0.44,TABLERO DE BROCHAS,"S/N
",0,1,Factura doc. 001-050-000331700
449449,2025-11-15 13:45:25,7850,FUNDA REGALO SIN CODIGO N.4,00000000002669A,14,0.45,LOCAL PRINCIPAL,"S/N
",0,1,NotaVenta doc. 001-050-000085690
449442,2025-11-15 13:34:26,5893,ARETE ORTOPEDICO AMERICANO,00000000001964A,1866,1.04,VITRINA DE LABIALES,"S/N
",0,1,NotaVenta doc. 001-050-000085688
449367,2025-11-15 09:42:21,6715,PINCHO VARIOS CC8581 C/U,00000000002284A,434,0.4,TABLERO DE BISUTERIA,"S/N
",0,1,NotaVenta doc. 001-050-000085679
449355,2025-11-14 20:19:01,7850,FUNDA REGALO SIN CODIGO N.4,00000000002669A,15,0.45,LOCAL PRINCIPAL,"S/N
",0,1,Factura doc. 001-050-000331676
449241,2025-11-14 16:19:09,5893,ARETE ORTOPEDICO AMERICANO,00000000001964A,1867,1.04,VITRINA DE LABIALES,"S/N
",0,1,Factura doc. 001-050-000331640
449227,2025-11-14 15:55:28,7850,FUNDA REGALO SIN CODIGO N.4,00000000002669A,16,0.45,LOCAL PRINCIPAL,"S/N
",0,1,NotaVenta doc. 001-050-000085661
449225,2025-11-14 15:49:22,6715,PINCHO VARIOS CC8581 C/U,00000000002284A,435,0.4,TABLERO DE BISUTERIA,"S/N
",0,1,NotaVenta doc. 001-050-000085659
449158,2025-11-14 13:38:26,5132,ARETES FASHION X3 C/P,00000000001642A,645,1.0,VITRINA DE ARETES 1,"S/N
",0,3,Factura doc. 001-050-000331625
449155,2025-11-14 13:27:34,8396,MOÑO LIGA GERALDY NEGRA,NC1672,1984,0.12,LOCAL PRINCIPAL,"S/N
",0,1,NotaVenta doc. 001-050-000085650
449079,2025-11-14 10:54:33,8396,MOÑO LIGA GERALDY NEGRA,NC1672,1985,0.12,LOCAL PRINCIPAL,"S/N
",0,2,Factura doc. 001-050-000331613
449075,2025-11-14 10:54:32,6715,PINCHO VARIOS CC8581 C/U,00000000002284A,436,0.4,TABLERO DE BISUTERIA,"S/N
",0,1,Factura doc. 001-050-000331613
449050,2025-11-13 19:51:23,7850,FUNDA REGALO SIN CODIGO N.4,00000000002669A,17,0.45,LOCAL PRINCIPAL,"S/N
",0,1,NotaVenta doc. 001-050-000085640
448994,2025-11-13 18:50:33,6715,PINCHO VARIOS CC8581 C/U,00000000002284A,437,0.4,TABLERO DE BISUTERIA,"S/N
",0,1,Factura doc. 001-050-000331603
448890,2025-11-13 14:04:12,4003,SOMBRILLA AUTOMATICA 525-5/600,00000000001163A,160,2.56,LOCAL PRINCIPAL,"S/N
",0,1,Factura doc. 001-050-000331587
448843,2025-11-13 11:47:15,5132,ARETES FASHION X3 C/P,00000000001642A,648,1.0,VITRINA DE ARETES 1,"S/N
",0,1,NotaVenta doc. 001-050-000085610
448745,2025-11-12 17:38:15,5132,ARETES FASHION X3 C/P,00000000001642A,649,1.0,VITRINA DE ARETES 1,"S/N
",0,1,NotaVenta doc. 001-050-000085587
448658,2025-11-12 14:44:17,7850,FUNDA REGALO SIN CODIGO N.4,00000000002669A,18,0.45,LOCAL PRINCIPAL,"S/N
",0,2,NotaVenta doc. 001-050-000085578
448590,2025-11-12 12:48:07,4588,COBIJILLA ECONOMICA MODELOS ,00000000001371A,67,3.29,LOCAL DE EDREDONES,"S/N
",0,1,Factura doc. 001-050-000331539
448528,2025-11-12 12:00:50,8396,MOÑO LIGA GERALDY NEGRA,NC1672,1987,0.12,LOCAL PRINCIPAL,"S/N
",0,1,Factura doc. 001-050-000331531
448484,2025-11-12 09:32:21,6715,PINCHO VARIOS CC8581 C/U,00000000002284A,438,0.4,TABLERO DE BISUTERIA,"S/N
",0,1,Factura doc. 001-050-000331520
448459,2025-11-11 19:24:36,6715,PINCHO VARIOS CC8581 C/U,00000000002284A,439,0.4,TABLERO DE BISUTERIA,"S/N
",0,1,NotaVenta doc. 001-050-000085565
448455,2025-11-11 19:24:03,5893,ARETE ORTOPEDICO AMERICANO,00000000001964A,1868,1.04,VITRINA DE LABIALES,"S/N
",0,1,NotaVenta doc. 001-050-000085564
448406,2025-11-11 18:37:56,5132,ARETES FASHION X3 C/P,00000000001642A,650,1.0,VITRINA DE ARETES 1,"S/N
",0,2,Factura doc. 001-050-000331508
448394,2025-11-11 18:27:22,13320,CARRO HOT WHEELS BASICO,194735103065,147,2.65,SECCION DE JUGUETERIA,"IVA
",0,1,Factura doc. 001-050-000331505
448393,2025-11-11 18:27:22,7850,FUNDA REGALO SIN CODIGO N.4,00000000002669A,20,0.45,LOCAL PRINCIPAL,"S/N
",0,1,Factura doc. 001-050-000331505
448351,2025-11-11 17:49:09,8396,MOÑO LIGA GERALDY NEGRA,NC1672,1988,0.12,LOCAL PRINCIPAL,"S/N
",0,1,NotaVenta doc. 001-050-000085560
448347,2025-11-11 17:39:49,13320,CARRO HOT WHEELS BASICO,194735103065,148,2.65,SECCION DE JUGUETERIA,"IVA
",0,1,Factura doc. 001-050-000331497
448321,2025-11-11 16:49:37,6421,PILA PANAPLUS AA,6933298820026,1785,0.44,TABLERO DE BROCHAS,"S/N
",0,1,Factura doc. 001-050-000331492
448301,2025-11-11 15:47:11,7850,FUNDA REGALO SIN CODIGO N.4,00000000002669A,21,0.45,LOCAL PRINCIPAL,"S/N
",0,1,Factura doc. 001-050-000331488
448258,2025-11-11 11:30:32,5893,ARETE ORTOPEDICO AMERICANO,00000000001964A,1869,1.04,VITRINA DE LABIALES,"S/N
",0,1,NotaVenta doc. 001-050-000085530
448196,2025-11-10 19:39:51,8396,MOÑO LIGA GERALDY NEGRA,NC1672,1989,0.12,LOCAL PRINCIPAL,"S/N
",0,1,NotaVenta doc. 001-050-000085527
448189,2025-11-10 19:39:38,6421,PILA PANAPLUS AA,6933298820026,1786,0.44,TABLERO DE BROCHAS,"S/N
",0,1,Factura doc. 001-050-000331468
448186,2025-11-10 19:35:36,4003,SOMBRILLA AUTOMATICA 525-5/600,00000000001163A,161,2.56,LOCAL PRINCIPAL,"S/N
",0,1,Factura doc. 001-050-000331467
448072,2025-11-10 15:21:20,4588,COBIJILLA ECONOMICA MODELOS ,00000000001371A,68,3.29,LOCAL DE EDREDONES,"S/N
",0,2,Factura doc. 001-050-000331445
448019,2025-11-10 13:42:14,8396,MOÑO LIGA GERALDY NEGRA,NC1672,1990,0.12,LOCAL PRINCIPAL,"S/N
",0,1,NotaVenta doc. 001-050-000085491
447998,2025-11-10 13:16:42,5893,ARETE ORTOPEDICO AMERICANO,00000000001964A,1870,1.04,VITRINA DE LABIALES,"S/N
",0,1,Factura doc. 001-050-000331438
447956,2025-11-10 12:22:50,7850,FUNDA REGALO SIN CODIGO N.4,00000000002669A,22,0.45,LOCAL PRINCIPAL,"S/N
",0,1,Factura doc. 001-050-000331432
447943,2025-11-10 12:13:47,4003,SOMBRILLA AUTOMATICA 525-5/600,00000000001163A,162,2.56,LOCAL PRINCIPAL,"S/N
",0,6,"local 5
"
447914,2025-11-10 10:37:35,8396,MOÑO LIGA GERALDY NEGRA,NC1672,1991,0.12,LOCAL PRINCIPAL,"S/N
",0,3,NotaVenta doc. 001-050-000085478
447845,2025-11-09 18:06:53,6421,PILA PANAPLUS AA,6933298820026,1787,0.44,TABLERO DE BROCHAS,"S/N
",0,3,NotaVenta doc. 001-050-000085463
447819,2025-11-09 16:48:56,7850,FUNDA REGALO SIN CODIGO N.4,00000000002669A,23,0.45,LOCAL PRINCIPAL,"S/N
",0,1,NotaVenta doc. 001-050-000085456
447781,2025-11-09 15:47:09,5132,ARETES FASHION X3 C/P,00000000001642A,652,1.0,VITRINA DE ARETES 1,"S/N
",0,1,NotaVenta doc. 001-050-000085448
447576,2025-11-09 11:38:19,7850,FUNDA REGALO SIN CODIGO N.4,00000000002669A,24,0.45,LOCAL PRINCIPAL,"S/N
",0,3,Factura doc. 001-050-000331379
447562,2025-11-09 10:58:18,4003,SOMBRILLA AUTOMATICA 525-5/600,00000000001163A,168,2.56,LOCAL PRINCIPAL,"S/N
",0,1,Factura doc. 001-050-000331376
447549,2025-11-09 10:52:20,7850,FUNDA REGALO SIN CODIGO N.4,00000000002669A,27,0.45,LOCAL PRINCIPAL,"S/N
",0,1,Factura doc. 001-050-000331374
447471,2025-11-08 21:52:30,7850,FUNDA REGALO SIN CODIGO N.4,00000000002669A,28,0.45,LOCAL PRINCIPAL,"S/N
",0,1,NotaVenta doc. 001-050-000085422
447450,2025-11-08 21:07:28,8396,MOÑO LIGA GERALDY NEGRA,NC1672,1994,0.12,LOCAL PRINCIPAL,"S/N
",204,0,"NUEVA COMPRA
"
447446,2025-11-08 21:05:13,7850,FUNDA REGALO SIN CODIGO N.4,00000000002669A,29,0.45,LOCAL PRINCIPAL,"S/N
",0,1,NotaVenta doc. 001-050-000085420
447339,2025-11-08 19:14:36,7850,FUNDA REGALO SIN CODIGO N.4,00000000002669A,30,0.45,LOCAL PRINCIPAL,"S/N
",0,1,Factura doc. 001-050-000331351
447336,2025-11-08 19:10:56,5132,ARETES FASHION X3 C/P,00000000001642A,653,1.0,VITRINA DE ARETES 1,"S/N
",0,1,NotaVenta doc. 001-050-000085413
447283,2025-11-08 17:32:25,7850,FUNDA REGALO SIN CODIGO N.4,00000000002669A,31,0.45,LOCAL PRINCIPAL,"S/N
",0,1,Factura doc. 001-050-000331347
447235,2025-11-08 16:43:36,6715,PINCHO VARIOS CC8581 C/U,00000000002284A,440,0.4,TABLERO DE BISUTERIA,"S/N
",0,1,NotaVenta doc. 001-050-000085400
447209,2025-11-08 16:23:14,7850,FUNDA REGALO SIN CODIGO N.4,00000000002669A,32,0.45,LOCAL PRINCIPAL,"S/N
",0,1,Factura doc. 001-050-000331336
447129,2025-11-08 14:13:25,7850,FUNDA REGALO SIN CODIGO N.4,00000000002669A,33,0.45,LOCAL PRINCIPAL,"S/N
",0,1,NotaVenta doc. 001-050-000085386
447114,2025-11-08 13:49:21,7850,FUNDA REGALO SIN CODIGO N.4,00000000002669A,34,0.45,LOCAL PRINCIPAL,"S/N
",0,1,NotaVenta doc. 001-050-000085382
447002,2025-11-08 10:19:14,7850,FUNDA REGALO SIN CODIGO N.4,00000000002669A,35,0.45,LOCAL PRINCIPAL,"S/N
",0,1,Factura doc. 001-050-000331304
446964,2025-11-07 20:33:04,6421,PILA PANAPLUS AA,6933298820026,1790,0.44,TABLERO DE BROCHAS,"S/N
",0,2,Factura doc. 001-050-000331297
446940,2025-11-07 19:39:14,7850,FUNDA REGALO SIN CODIGO N.4,00000000002669A,36,0.45,LOCAL PRINCIPAL,"S/N
",0,1,Factura doc. 001-050-000331295
446893,2025-11-07 18:04:09,4588,COBIJILLA ECONOMICA MODELOS ,00000000001371A,70,3.29,LOCAL DE EDREDONES,"S/N
",0,1,NotaVenta doc. 001-050-000085340
446888,2025-11-07 18:03:44,7850,FUNDA REGALO SIN CODIGO N.4,00000000002669A,37,0.45,LOCAL PRINCIPAL,"S/N
",0,2,NotaVenta doc. 001-050-000085338
446889,2025-11-07 18:03:44,4588,COBIJILLA ECONOMICA MODELOS ,00000000001371A,71,3.29,LOCAL DE EDREDONES,"S/N
",0,2,NotaVenta doc. 001-050-000085338
446885,2025-11-07 17:40:25,13320,CARRO HOT WHEELS BASICO,194735103065,149,2.65,SECCION DE JUGUETERIA,"IVA
",0,1,Factura doc. 001-050-000331287
446860,2025-11-07 16:41:08,4003,SOMBRILLA AUTOMATICA 525-5/600,00000000001163A,169,2.56,LOCAL PRINCIPAL,"S/N
",0,1,Factura doc. 001-050-000331281
446836,2025-11-07 15:44:29,7850,FUNDA REGALO SIN CODIGO N.4,00000000002669A,39,0.45,LOCAL PRINCIPAL,"S/N
",0,1,NotaVenta doc. 001-050-000085330
446823,2025-11-07 15:33:35,5893,ARETE ORTOPEDICO AMERICANO,00000000001964A,1871,1.04,VITRINA DE LABIALES,"S/N
",0,1,NotaVenta doc. 001-050-000085326
446810,2025-11-07 15:15:27,4588,COBIJILLA ECONOMICA MODELOS ,00000000001371A,73,3.29,LOCAL DE EDREDONES,"S/N
",0,3,NotaVenta doc. 001-050-000085322
446790,2025-11-07 14:41:59,8396,MOÑO LIGA GERALDY NEGRA,NC1672,1790,0.12,LOCAL PRINCIPAL,"S/N
",0,1,Factura doc. 001-050-000331274
446692,2025-11-07 12:10:26,4003,SOMBRILLA AUTOMATICA 525-5/600,00000000001163A,170,2.56,LOCAL PRINCIPAL,"S/N
",0,3,Factura doc. 001-050-000331259
446573,2025-11-06 19:00:18,7850,FUNDA REGALO SIN CODIGO N.4,00000000002669A,40,0.45,LOCAL PRINCIPAL,"S/N
",0,1,NotaVenta doc. 001-050-000085290
446571,2025-11-06 18:59:21,6421,PILA PANAPLUS AA,6933298820026,1792,0.44,TABLERO DE BROCHAS,"S/N
",0,1,Factura doc. 001-050-000331245
446567,2025-11-06 18:38:52,13320,CARRO HOT WHEELS BASICO,194735103065,150,2.65,SECCION DE JUGUETERIA,"IVA
",0,1,Factura doc. 001-050-000331244
446517,2025-11-06 17:08:51,4003,SOMBRILLA AUTOMATICA 525-5/600,00000000001163A,173,2.56,LOCAL PRINCIPAL,"S/N
",0,1,Factura doc. 001-050-000331234
446366,2025-11-06 11:07:39,4003,SOMBRILLA AUTOMATICA 525-5/600,00000000001163A,174,2.56,LOCAL PRINCIPAL,"S/N
",0,1,Factura doc. 001-050-000331211
446307,2025-11-05 18:50:44,5132,ARETES FASHION X3 C/P,00000000001642A,654,1.0,VITRINA DE ARETES 1,"S/N
",0,2,Factura doc. 001-050-000331197
446306,2025-11-05 18:50:43,13320,CARRO HOT WHEELS BASICO,194735103065,151,2.65,SECCION DE JUGUETERIA,"IVA
",0,1,Factura doc. 001-050-000331197
446261,2025-11-05 17:13:33,6421,PILA PANAPLUS AA,6933298820026,1793,0.44,TABLERO DE BROCHAS,"S/N
",0,72,"mercado
"
446226,2025-11-05 16:40:08,4588,COBIJILLA ECONOMICA MODELOS ,00000000001371A,76,3.29,LOCAL DE EDREDONES,"S/N
",0,4,Factura doc. 001-050-000331186
446221,2025-11-05 16:39:07,8396,MOÑO LIGA GERALDY NEGRA,NC1672,1791,0.12,LOCAL PRINCIPAL,"S/N
",0,1,NotaVenta doc. 001-050-000085242
446166,2025-11-05 16:06:53,7850,FUNDA REGALO SIN CODIGO N.4,00000000002669A,41,0.45,LOCAL PRINCIPAL,"S/N
",0,1,NotaVenta doc. 001-050-000085238
446162,2025-11-05 16:03:42,8396,MOÑO LIGA GERALDY NEGRA,NC1672,1792,0.12,LOCAL PRINCIPAL,"S/N
",0,1,Factura doc. 001-050-000331180
446096,2025-11-05 13:57:28,8396,MOÑO LIGA GERALDY NEGRA,NC1672,1793,0.12,LOCAL PRINCIPAL,"S/N
",0,1,NotaVenta doc. 001-050-000085221
446080,2025-11-05 13:20:56,4588,COBIJILLA ECONOMICA MODELOS ,00000000001371A,80,3.29,LOCAL DE EDREDONES,"S/N
",0,1,Factura doc. 001-050-000331169
446063,2025-11-05 12:50:07,13320,CARRO HOT WHEELS BASICO,194735103065,152,2.65,SECCION DE JUGUETERIA,"IVA
",0,3,Factura doc. 001-050-000331166
446053,2025-11-05 12:41:59,7850,FUNDA REGALO SIN CODIGO N.4,00000000002669A,42,0.45,LOCAL PRINCIPAL,"S/N
",0,1,Factura doc. 001-050-000331164
446049,2025-11-05 12:33:22,4003,SOMBRILLA AUTOMATICA 525-5/600,00000000001163A,175,2.56,LOCAL PRINCIPAL,"S/N
",0,1,Factura doc. 001-050-000331163
445986,2025-11-05 10:19:49,4003,SOMBRILLA AUTOMATICA 525-5/600,00000000001163A,176,2.56,LOCAL PRINCIPAL,"S/N
",0,3,NotaVenta doc. 001-050-000085204
445936,2025-11-04 18:50:06,4003,SOMBRILLA AUTOMATICA 525-5/600,00000000001163A,179,2.56,LOCAL PRINCIPAL,"S/N
",0,2,Factura doc. 001-050-000331151
445928,2025-11-04 18:38:36,4003,SOMBRILLA AUTOMATICA 525-5/600,00000000001163A,181,2.56,LOCAL PRINCIPAL,"S/N
",0,1,NotaVenta doc. 001-050-000085194
445871,2025-11-04 17:09:22,6715,PINCHO VARIOS CC8581 C/U,00000000002284A,441,0.4,TABLERO DE BISUTERIA,"S/N
",0,2,Factura doc. 001-050-000331140
445855,2025-11-04 16:57:23,7850,FUNDA REGALO SIN CODIGO N.4,00000000002669A,43,0.45,LOCAL PRINCIPAL,"S/N
",0,1,NotaVenta doc. 001-050-000085185
445852,2025-11-04 16:46:17,8396,MOÑO LIGA GERALDY NEGRA,NC1672,1794,0.12,LOCAL PRINCIPAL,"S/N
",0,1,NotaVenta doc. 001-050-000085184
445821,2025-11-04 15:46:53,5132,ARETES FASHION X3 C/P,00000000001642A,656,1.0,VITRINA DE ARETES 1,"S/N
",0,3,Factura doc. 001-050-000331128
445794,2025-11-04 14:13:43,6421,PILA PANAPLUS AA,6933298820026,1865,0.44,TABLERO DE BROCHAS,"S/N
",0,1,Factura doc. 001-050-000331123
445788,2025-11-04 14:00:11,8396,MOÑO LIGA GERALDY NEGRA,NC1672,1795,0.12,LOCAL PRINCIPAL,"S/N
",0,1,Factura doc. 001-050-000331120
445787,2025-11-04 13:54:24,8396,MOÑO LIGA GERALDY NEGRA,NC1672,1796,0.12,LOCAL PRINCIPAL,"S/N
",0,1,NotaVenta doc. 001-050-000085176
445743,2025-11-04 13:03:31,8396,MOÑO LIGA GERALDY NEGRA,NC1672,1797,0.12,LOCAL PRINCIPAL,"S/N
",0,2,NotaVenta doc. 001-050-000085171
445742,2025-11-04 13:03:09,5132,ARETES FASHION X3 C/P,00000000001642A,659,1.0,VITRINA DE ARETES 1,"S/N
",0,12,"MATRIZ

"
445663,2025-11-04 12:08:02,8396,MOÑO LIGA GERALDY NEGRA,NC1672,1799,0.12,LOCAL PRINCIPAL,"S/N
",0,1,NotaVenta doc. 001-050-000085165
445631,2025-11-04 11:18:38,8396,MOÑO LIGA GERALDY NEGRA,NC1672,1800,0.12,LOCAL PRINCIPAL,"S/N
",0,1,Factura doc. 001-050-000331104
445586,2025-11-03 20:04:49,6715,PINCHO VARIOS CC8581 C/U,00000000002284A,443,0.4,TABLERO DE BISUTERIA,"S/N
",0,1,NotaVenta doc. 001-050-000085159
445578,2025-11-03 19:57:12,6715,PINCHO VARIOS CC8581 C/U,00000000002284A,444,0.4,TABLERO DE BISUTERIA,"S/N
",0,1,Factura doc. 001-050-000331093
445584,2025-11-03 19:57:12,13320,CARRO HOT WHEELS BASICO,194735103065,155,2.65,SECCION DE JUGUETERIA,"IVA
",0,2,Factura doc. 001-050-000331093
445571,2025-11-03 19:52:04,7850,FUNDA REGALO SIN CODIGO N.4,00000000002669A,44,0.45,LOCAL PRINCIPAL,"S/N
",0,1,Factura doc. 001-050-000331092
445528,2025-11-03 18:57:53,6715,PINCHO VARIOS CC8581 C/U,00000000002284A,445,0.4,TABLERO DE BISUTERIA,"S/N
",0,1,Factura doc. 001-050-000331084
445500,2025-11-03 17:38:40,6421,PILA PANAPLUS AA,6933298820026,1866,0.44,TABLERO DE BROCHAS,"S/N
",0,1,Factura doc. 001-050-000331079
445499,2025-11-03 17:31:21,5893,ARETE ORTOPEDICO AMERICANO,00000000001964A,1872,1.04,VITRINA DE LABIALES,"S/N
",0,2,NotaVenta doc. 001-050-000085142
445433,2025-11-03 14:57:27,5132,ARETES FASHION X3 C/P,00000000001642A,671,1.0,VITRINA DE ARETES 1,"S/N
",0,1,NotaVenta doc. 001-050-000085128
445377,2025-11-03 10:56:25,5132,ARETES FASHION X3 C/P,00000000001642A,672,1.0,VITRINA DE ARETES 1,"S/N
",0,1,NotaVenta doc. 001-050-000085115
445343,2025-11-03 09:44:57,4003,SOMBRILLA AUTOMATICA 525-5/600,00000000001163A,182,2.56,LOCAL PRINCIPAL,"S/N
",0,1,Factura doc. 001-050-000331046
445341,2025-11-02 19:14:13,6421,PILA PANAPLUS AA,6933298820026,1867,0.44,TABLERO DE BROCHAS,"S/N
",0,1,Factura doc. 001-050-000331045
445284,2025-11-02 17:18:05,13320,CARRO HOT WHEELS BASICO,194735103065,157,2.65,SECCION DE JUGUETERIA,"IVA
",0,7,"LOCAL DE TECNOLOGIA 
"
445248,2025-11-02 16:45:53,5132,ARETES FASHION X3 C/P,00000000001642A,673,1.0,VITRINA DE ARETES 1,"S/N
",0,1,NotaVenta doc. 001-050-000085100
445180,2025-11-02 14:00:51,5893,ARETE ORTOPEDICO AMERICANO,00000000001964A,1874,1.04,VITRINA DE LABIALES,"S/N
",0,1,Factura doc. 001-050-000331015
445173,2025-11-02 13:53:57,7850,FUNDA REGALO SIN CODIGO N.4,00000000002669A,45,0.45,LOCAL PRINCIPAL,"S/N
",0,1,Factura doc. 001-050-000331013
445073,2025-11-02 11:04:00,4003,SOMBRILLA AUTOMATICA 525-5/600,00000000001163A,183,2.56,LOCAL PRINCIPAL,"S/N
",0,1,Factura doc. 001-050-000330990
445049,2025-11-02 10:25:18,8396,MOÑO LIGA GERALDY NEGRA,NC1672,1801,0.12,LOCAL PRINCIPAL,"S/N
",0,2,NotaVenta doc. 001-050-000085079
445047,2025-11-02 10:11:22,4003,SOMBRILLA AUTOMATICA 525-5/600,00000000001163A,184,2.56,LOCAL PRINCIPAL,"S/N
",0,1,Factura doc. 001-050-000330986
445045,2025-11-02 10:07:53,4003,SOMBRILLA AUTOMATICA 525-5/600,00000000001163A,185,2.56,LOCAL PRINCIPAL,"S/N
",0,1,Factura doc. 001-050-000330985
445011,2025-11-01 21:53:36,8396,MOÑO LIGA GERALDY NEGRA,NC1672,1803,0.12,LOCAL PRINCIPAL,"S/N
",0,2,NotaVenta doc. 001-050-000085077
445003,2025-11-01 21:49:34,7850,FUNDA REGALO SIN CODIGO N.4,00000000002669A,46,0.45,LOCAL PRINCIPAL,"S/N
",0,1,NotaVenta doc. 001-050-000085075
445001,2025-11-01 21:49:25,6421,PILA PANAPLUS AA,6933298820026,1868,0.44,TABLERO DE BROCHAS,"S/N
",0,2,NotaVenta doc. 001-050-000085074
444986,2025-11-01 21:07:42,7850,FUNDA REGALO SIN CODIGO N.4,00000000002669A,47,0.45,LOCAL PRINCIPAL,"S/N
",0,2,Factura doc. 001-050-000330975
444987,2025-11-01 21:07:42,4588,COBIJILLA ECONOMICA MODELOS ,00000000001371A,81,3.29,LOCAL DE EDREDONES,"S/N
",0,2,Factura doc. 001-050-000330975
444968,2025-11-01 20:15:56,4588,COBIJILLA ECONOMICA MODELOS ,00000000001371A,83,3.29,LOCAL DE EDREDONES,"S/N
",0,2,Factura doc. 001-050-000330970
444960,2025-11-01 20:09:18,7850,FUNDA REGALO SIN CODIGO N.4,00000000002669A,49,0.45,LOCAL PRINCIPAL,"S/N
",0,1,Factura doc. 001-050-000330968
444912,2025-11-01 19:10:50,7850,FUNDA REGALO SIN CODIGO N.4,00000000002669A,50,0.45,LOCAL PRINCIPAL,"S/N
",0,1,Factura doc. 001-050-000330958
444909,2025-11-01 19:09:01,7850,FUNDA REGALO SIN CODIGO N.4,00000000002669A,51,0.45,LOCAL PRINCIPAL,"S/N
",0,1,Factura doc. 001-050-000330957
444887,2025-11-01 18:29:50,7850,FUNDA REGALO SIN CODIGO N.4,00000000002669A,52,0.45,LOCAL PRINCIPAL,"S/N
",0,1,Factura doc. 001-050-000330952
444811,2025-11-01 16:40:15,7850,FUNDA REGALO SIN CODIGO N.4,00000000002669A,53,0.45,LOCAL PRINCIPAL,"S/N
",0,1,NotaVenta doc. 001-050-000085051
444774,2025-11-01 15:41:05,13320,CARRO HOT WHEELS BASICO,194735103065,164,2.65,SECCION DE JUGUETERIA,"IVA
",0,1,Factura doc. 001-050-000330933
444763,2025-11-01 15:24:36,6715,PINCHO VARIOS CC8581 C/U,00000000002284A,446,0.4,TABLERO DE BISUTERIA,"S/N
",0,1,Factura doc. 001-050-000330932
444754,2025-11-01 15:04:16,7850,FUNDA REGALO SIN CODIGO N.4,00000000002669A,54,0.45,LOCAL PRINCIPAL,"S/N
",0,1,NotaVenta doc. 001-050-000085039
444739,2025-11-01 14:39:32,7850,FUNDA REGALO SIN CODIGO N.4,00000000002669A,55,0.45,LOCAL PRINCIPAL,"S/N
",0,1,Factura doc. 001-050-000330927
444707,2025-11-01 13:33:20,8396,MOÑO LIGA GERALDY NEGRA,NC1672,1805,0.12,LOCAL PRINCIPAL,"S/N
",0,1,Factura doc. 001-050-000330920
444464,2025-10-31 17:15:01,7850,FUNDA REGALO SIN CODIGO N.4,00000000002669A,56,0.45,LOCAL PRINCIPAL,"S/N
",0,1,Factura doc. 001-050-000330884
444460,2025-10-31 16:59:02,6421,PILA PANAPLUS AA,6933298820026,1870,0.44,TABLERO DE BROCHAS,"S/N
",0,1,NotaVenta doc. 001-050-000084984
444348,2025-10-31 14:14:19,5132,ARETES FASHION X3 C/P,00000000001642A,674,1.0,VITRINA DE ARETES 1,"S/N
",0,2,NotaVenta doc. 001-050-000084968
444341,2025-10-31 14:02:09,6421,PILA PANAPLUS AA,6933298820026,1871,0.44,TABLERO DE BROCHAS,"S/N
",0,12,NotaVenta doc. 001-050-000084966
444329,2025-10-31 13:41:00,8396,MOÑO LIGA GERALDY NEGRA,NC1672,1806,0.12,LOCAL PRINCIPAL,"S/N
",0,1,NotaVenta doc. 001-050-000084962
444297,2025-10-31 13:08:07,5132,ARETES FASHION X3 C/P,00000000001642A,676,1.0,VITRINA DE ARETES 1,"S/N
",0,2,NotaVenta doc. 001-050-000084959
444199,2025-10-31 10:55:41,5893,ARETE ORTOPEDICO AMERICANO,00000000001964A,1875,1.04,VITRINA DE LABIALES,"S/N
",0,1,Factura doc. 001-050-000330852
444140,2025-10-30 19:07:50,7850,FUNDA REGALO SIN CODIGO N.4,00000000002669A,57,0.45,LOCAL PRINCIPAL,"S/N
",0,1,Factura doc. 001-050-000330837
444137,2025-10-30 19:02:09,7850,FUNDA REGALO SIN CODIGO N.4,00000000002669A,58,0.45,LOCAL PRINCIPAL,"S/N
",0,1,NotaVenta doc. 001-050-000084938
444065,2025-10-30 17:40:02,5893,ARETE ORTOPEDICO AMERICANO,00000000001964A,1876,1.04,VITRINA DE LABIALES,"S/N
",0,1,Factura doc. 001-050-000330829
444008,2025-10-30 15:40:29,8396,MOÑO LIGA GERALDY NEGRA,NC1672,1807,0.12,LOCAL PRINCIPAL,"S/N
",0,5,Factura doc. 001-050-000330818
443876,2025-10-30 12:09:31,5132,ARETES FASHION X3 C/P,00000000001642A,678,1.0,VITRINA DE ARETES 1,"S/N
",0,2,Factura doc. 001-050-000330799
443872,2025-10-30 12:09:30,7850,FUNDA REGALO SIN CODIGO N.4,00000000002669A,59,0.45,LOCAL PRINCIPAL,"S/N
",0,1,Factura doc. 001-050-000330799
443867,2025-10-30 12:07:13,6421,PILA PANAPLUS AA,6933298820026,1883,0.44,TABLERO DE BROCHAS,"S/N
",0,1,NotaVenta doc. 001-050-000084921
443845,2025-10-30 11:57:28,8396,MOÑO LIGA GERALDY NEGRA,NC1672,1812,0.12,LOCAL PRINCIPAL,"S/N
",0,1,NotaVenta doc. 001-050-000084917
443834,2025-10-30 11:35:02,7850,FUNDA REGALO SIN CODIGO N.4,00000000002669A,60,0.45,LOCAL PRINCIPAL,"S/N
",0,1,NotaVenta doc. 001-050-000084916
443823,2025-10-30 11:13:16,8396,MOÑO LIGA GERALDY NEGRA,NC1672,1813,0.12,LOCAL PRINCIPAL,"S/N
",0,1,NotaVenta doc. 001-050-000084914
443816,2025-10-30 10:52:43,8396,MOÑO LIGA GERALDY NEGRA,NC1672,1814,0.12,LOCAL PRINCIPAL,"S/N
",0,1,Factura doc. 001-050-000330796
443807,2025-10-30 10:37:39,6421,PILA PANAPLUS AA,6933298820026,1884,0.44,TABLERO DE BROCHAS,"S/N
",0,1,Factura doc. 001-050-000330794
443778,2025-10-29 19:19:15,7850,FUNDA REGALO SIN CODIGO N.4,00000000002669A,61,0.45,LOCAL PRINCIPAL,"S/N
",0,1,Factura doc. 001-050-000330786
443761,2025-10-29 18:11:48,8396,MOÑO LIGA GERALDY NEGRA,NC1672,1815,0.12,LOCAL PRINCIPAL,"S/N
",0,1,Factura doc. 001-050-000330784
443753,2025-10-29 17:59:58,4588,COBIJILLA ECONOMICA MODELOS ,00000000001371A,85,3.29,LOCAL DE EDREDONES,"S/N
",0,1,NotaVenta doc. 001-050-000084901
443738,2025-10-29 17:27:15,4003,SOMBRILLA AUTOMATICA 525-5/600,00000000001163A,186,2.56,LOCAL PRINCIPAL,"S/N
",0,1,NotaVenta doc. 001-050-000084898
443639,2025-10-29 15:44:20,6715,PINCHO VARIOS CC8581 C/U,00000000002284A,447,0.4,TABLERO DE BISUTERIA,"S/N
",0,1,Factura doc. 001-050-000330763
443584,2025-10-29 14:04:25,4003,SOMBRILLA AUTOMATICA 525-5/600,00000000001163A,187,2.56,LOCAL PRINCIPAL,"S/N
",0,1,NotaVenta doc. 001-050-000084886
443580,2025-10-29 14:02:15,5893,ARETE ORTOPEDICO AMERICANO,00000000001964A,1877,1.04,VITRINA DE LABIALES,"S/N
",0,2,NotaVenta doc. 001-050-000084884
443566,2025-10-29 13:35:23,4003,SOMBRILLA AUTOMATICA 525-5/600,00000000001163A,188,2.56,LOCAL PRINCIPAL,"S/N
",0,2,Factura doc. 001-050-000330755
443564,2025-10-29 13:35:23,7850,FUNDA REGALO SIN CODIGO N.4,00000000002669A,62,0.45,LOCAL PRINCIPAL,"S/N
",0,1,Factura doc. 001-050-000330755
443538,2025-10-29 13:18:17,5893,ARETE ORTOPEDICO AMERICANO,00000000001964A,1879,1.04,VITRINA DE LABIALES,"S/N
",0,2,Factura doc. 001-050-000330752
443512,2025-10-29 12:42:12,4003,SOMBRILLA AUTOMATICA 525-5/600,00000000001163A,190,2.56,LOCAL PRINCIPAL,"S/N
",0,1,NotaVenta doc. 001-050-000084873
443474,2025-10-29 11:41:20,4003,SOMBRILLA AUTOMATICA 525-5/600,00000000001163A,191,2.56,LOCAL PRINCIPAL,"S/N
",0,1,Factura doc. 001-050-000330747
443469,2025-10-29 11:34:55,4003,SOMBRILLA AUTOMATICA 525-5/600,00000000001163A,192,2.56,LOCAL PRINCIPAL,"S/N
",0,4,Factura doc. 001-050-000330746
443461,2025-10-29 11:18:42,4003,SOMBRILLA AUTOMATICA 525-5/600,00000000001163A,196,2.56,LOCAL PRINCIPAL,"S/N
",0,1,Factura doc. 001-050-000330744
443455,2025-10-29 11:11:48,5893,ARETE ORTOPEDICO AMERICANO,00000000001964A,1881,1.04,VITRINA DE LABIALES,"S/N
",0,1,Factura doc. 001-050-000330742
443454,2025-10-29 11:11:48,5132,ARETES FASHION X3 C/P,00000000001642A,680,1.0,VITRINA DE ARETES 1,"S/N
",0,3,Factura doc. 001-050-000330742
443428,2025-10-29 10:16:10,4003,SOMBRILLA AUTOMATICA 525-5/600,00000000001163A,197,2.56,LOCAL PRINCIPAL,"S/N
",0,1,Factura doc. 001-050-000330736
443416,2025-10-29 09:56:28,5132,ARETES FASHION X3 C/P,00000000001642A,683,1.0,VITRINA DE ARETES 1,"S/N
",0,3,Factura doc. 001-050-000330735
443388,2025-10-28 18:08:36,5132,ARETES FASHION X3 C/P,00000000001642A,686,1.0,VITRINA DE ARETES 1,"S/N
",0,3,NotaVenta doc. 001-050-000084861
443327,2025-10-28 16:38:30,13320,CARRO HOT WHEELS BASICO,194735103065,165,2.65,SECCION DE JUGUETERIA,"IVA
",0,1,Factura doc. 001-050-000330726
443309,2025-10-28 16:04:26,7850,FUNDA REGALO SIN CODIGO N.4,00000000002669A,63,0.45,LOCAL PRINCIPAL,"S/N
",0,1,Factura doc. 001-050-000330722
443269,2025-10-28 14:43:13,8396,MOÑO LIGA GERALDY NEGRA,NC1672,1816,0.12,LOCAL PRINCIPAL,"S/N
",0,1,NotaVenta doc. 001-050-000084850
443249,2025-10-28 12:55:37,8396,MOÑO LIGA GERALDY NEGRA,NC1672,1817,0.12,LOCAL PRINCIPAL,"S/N
",0,2,NotaVenta doc. 001-050-000084844
443224,2025-10-28 12:04:19,4003,SOMBRILLA AUTOMATICA 525-5/600,00000000001163A,198,2.56,LOCAL PRINCIPAL,"S/N
",0,5,"LOCAL 5
"
443205,2025-10-28 11:47:26,7850,FUNDA REGALO SIN CODIGO N.4,00000000002669A,64,0.45,LOCAL PRINCIPAL,"S/N
",0,12,"LOCAL 5
"
443186,2025-10-28 10:30:05,8396,MOÑO LIGA GERALDY NEGRA,NC1672,1819,0.12,LOCAL PRINCIPAL,"S/N
",0,2,NotaVenta doc. 001-050-000084837
443134,2025-10-27 17:47:15,6421,PILA PANAPLUS AA,6933298820026,1885,0.44,TABLERO DE BROCHAS,"S/N
",0,1,Factura doc. 001-050-000330700
443052,2025-10-27 14:18:35,5132,ARETES FASHION X3 C/P,00000000001642A,689,1.0,VITRINA DE ARETES 1,"S/N
",0,1,NotaVenta doc. 001-050-000084810
443032,2025-10-27 13:04:57,4003,SOMBRILLA AUTOMATICA 525-5/600,00000000001163A,203,2.56,LOCAL PRINCIPAL,"S/N
",0,1,NotaVenta doc. 001-050-000084808
442959,2025-10-26 17:35:21,13320,CARRO HOT WHEELS BASICO,194735103065,166,2.65,SECCION DE JUGUETERIA,"IVA
",0,3,Factura doc. 001-050-000330661
442939,2025-10-26 17:06:27,7850,FUNDA REGALO SIN CODIGO N.4,00000000002669A,76,0.45,LOCAL PRINCIPAL,"S/N
",0,1,Factura doc. 001-050-000330658
442864,2025-10-26 14:10:56,5132,ARETES FASHION X3 C/P,00000000001642A,690,1.0,VITRINA DE ARETES 1,"S/N
",0,1,Factura doc. 001-050-000330641
442839,2025-10-26 13:56:56,4003,SOMBRILLA AUTOMATICA 525-5/600,00000000001163A,204,2.56,LOCAL PRINCIPAL,"S/N
",0,1,Factura doc. 001-050-000330639
442838,2025-10-26 13:42:23,4003,SOMBRILLA AUTOMATICA 525-5/600,00000000001163A,205,2.56,LOCAL PRINCIPAL,"S/N
",0,1,NotaVenta doc. 001-050-000084775
442836,2025-10-26 13:37:40,4588,COBIJILLA ECONOMICA MODELOS ,00000000001371A,86,3.29,LOCAL DE EDREDONES,"S/N
",0,2,Factura doc. 001-050-000330638
442834,2025-10-26 13:37:39,7850,FUNDA REGALO SIN CODIGO N.4,00000000002669A,77,0.45,LOCAL PRINCIPAL,"S/N
",0,2,Factura doc. 001-050-000330638
442821,2025-10-26 13:25:59,6715,PINCHO VARIOS CC8581 C/U,00000000002284A,448,0.4,TABLERO DE BISUTERIA,"S/N
",0,3,Factura doc. 001-050-000330637
442815,2025-10-26 12:52:51,7850,FUNDA REGALO SIN CODIGO N.4,00000000002669A,79,0.45,LOCAL PRINCIPAL,"S/N
",0,2,NotaVenta doc. 001-050-000084772
442803,2025-10-26 12:27:01,7850,FUNDA REGALO SIN CODIGO N.4,00000000002669A,81,0.45,LOCAL PRINCIPAL,"S/N
",0,1,Factura doc. 001-050-000330631
442773,2025-10-26 12:02:55,7850,FUNDA REGALO SIN CODIGO N.4,00000000002669A,82,0.45,LOCAL PRINCIPAL,"S/N
",0,1,Factura doc. 001-050-000330627
442772,2025-10-26 12:02:33,4003,SOMBRILLA AUTOMATICA 525-5/600,00000000001163A,206,2.56,LOCAL PRINCIPAL,"S/N
",0,1,Factura doc. 001-050-000330626
442768,2025-10-26 11:58:11,8396,MOÑO LIGA GERALDY NEGRA,NC1672,1821,0.12,LOCAL PRINCIPAL,"S/N
",0,2,Factura doc. 001-050-000330625
442720,2025-10-26 11:12:00,5132,ARETES FASHION X3 C/P,00000000001642A,691,1.0,VITRINA DE ARETES 1,"S/N
",0,1,Factura doc. 001-050-000330619
442650,2025-10-26 10:29:37,7850,FUNDA REGALO SIN CODIGO N.4,00000000002669A,83,0.45,LOCAL PRINCIPAL,"S/N
",0,1,NotaVenta doc. 001-050-000084750
442588,2025-10-25 20:43:01,7850,FUNDA REGALO SIN CODIGO N.4,00000000002669A,84,0.45,LOCAL PRINCIPAL,"S/N
",0,1,NotaVenta doc. 001-050-000084738
442583,2025-10-25 20:42:46,7850,FUNDA REGALO SIN CODIGO N.4,00000000002669A,85,0.45,LOCAL PRINCIPAL,"S/N
",0,2,NotaVenta doc. 001-050-000084737
442584,2025-10-25 20:42:46,4588,COBIJILLA ECONOMICA MODELOS ,00000000001371A,88,3.29,LOCAL DE EDREDONES,"S/N
",0,2,NotaVenta doc. 001-050-000084737
442579,2025-10-25 20:42:27,7850,FUNDA REGALO SIN CODIGO N.4,00000000002669A,87,0.45,LOCAL PRINCIPAL,"S/N
",0,1,Factura doc. 001-050-000330603
442575,2025-10-25 20:34:57,7850,FUNDA REGALO SIN CODIGO N.4,00000000002669A,88,0.45,LOCAL PRINCIPAL,"S/N
",0,2,Factura doc. 001-050-000330602
442536,2025-10-25 19:51:10,4588,COBIJILLA ECONOMICA MODELOS ,00000000001371A,90,3.29,LOCAL DE EDREDONES,"S/N
",0,1,Factura doc. 001-050-000330595
442425,2025-10-25 17:11:46,6421,PILA PANAPLUS AA,6933298820026,1886,0.44,TABLERO DE BROCHAS,"S/N
",0,1,Factura doc. 001-050-000330573
442420,2025-10-25 16:58:57,7850,FUNDA REGALO SIN CODIGO N.4,00000000002669A,90,0.45,LOCAL PRINCIPAL,"S/N
",0,1,NotaVenta doc. 001-050-000084715
442394,2025-10-25 16:06:06,7850,FUNDA REGALO SIN CODIGO N.4,00000000002669A,91,0.45,LOCAL PRINCIPAL,"S/N
",0,1,Factura doc. 001-050-000330566
442360,2025-10-25 15:44:43,7850,FUNDA REGALO SIN CODIGO N.4,00000000002669A,92,0.45,LOCAL PRINCIPAL,"S/N
",0,1,NotaVenta doc. 001-050-000084704
442356,2025-10-25 15:42:27,7850,FUNDA REGALO SIN CODIGO N.4,00000000002669A,93,0.45,LOCAL PRINCIPAL,"S/N
",0,1,Factura doc. 001-050-000330558
442344,2025-10-25 15:31:54,5132,ARETES FASHION X3 C/P,00000000001642A,692,1.0,VITRINA DE ARETES 1,"S/N
",0,2,Factura doc. 001-050-000330556
442332,2025-10-25 15:10:13,8396,MOÑO LIGA GERALDY NEGRA,NC1672,1823,0.12,LOCAL PRINCIPAL,"S/N
",0,1,Factura doc. 001-050-000330553
442316,2025-10-25 14:54:16,7850,FUNDA REGALO SIN CODIGO N.4,00000000002669A,94,0.45,LOCAL PRINCIPAL,"S/N
",0,1,Factura doc. 001-050-000330549
442307,2025-10-25 14:46:59,7850,FUNDA REGALO SIN CODIGO N.4,00000000002669A,95,0.45,LOCAL PRINCIPAL,"S/N
",0,1,Factura doc. 001-050-000330547
442303,2025-10-25 14:42:51,5893,ARETE ORTOPEDICO AMERICANO,00000000001964A,1882,1.04,VITRINA DE LABIALES,"S/N
",0,1,NotaVenta doc. 001-050-000084694
442288,2025-10-25 14:17:04,13320,CARRO HOT WHEELS BASICO,194735103065,169,2.65,SECCION DE JUGUETERIA,"IVA
",0,1,Factura doc. 001-050-000330543
442271,2025-10-25 13:21:27,6421,PILA PANAPLUS AA,6933298820026,1887,0.44,TABLERO DE BROCHAS,"S/N
",0,1,Factura doc. 001-050-000330542
442265,2025-10-25 13:01:30,5893,ARETE ORTOPEDICO AMERICANO,00000000001964A,1883,1.04,VITRINA DE LABIALES,"S/N
",0,1,NotaVenta doc. 001-050-000084682
442262,2025-10-25 12:23:58,7850,FUNDA REGALO SIN CODIGO N.4,00000000002669A,96,0.45,LOCAL PRINCIPAL,"S/N
",0,1,NotaVenta doc. 001-050-000084680
442236,2025-10-25 11:59:06,7850,FUNDA REGALO SIN CODIGO N.4,00000000002669A,97,0.45,LOCAL PRINCIPAL,"S/N
",0,2,Factura doc. 001-050-000330538
442220,2025-10-25 11:24:41,8396,MOÑO LIGA GERALDY NEGRA,NC1672,1824,0.12,LOCAL PRINCIPAL,"S/N
",0,1,NotaVenta doc. 001-050-000084676
442195,2025-10-25 10:16:59,6421,PILA PANAPLUS AA,6933298820026,1888,0.44,TABLERO DE BROCHAS,"S/N
",0,1,Factura doc. 001-050-000330528
442194,2025-10-25 10:16:59,7850,FUNDA REGALO SIN CODIGO N.4,00000000002669A,99,0.45,LOCAL PRINCIPAL,"S/N
",0,2,Factura doc. 001-050-000330528
442193,2025-10-25 10:14:31,6421,PILA PANAPLUS AA,6933298820026,1889,0.44,TABLERO DE BROCHAS,"S/N
",0,12,Factura doc. 001-050-000330527
442191,2025-10-25 09:55:50,5132,ARETES FASHION X3 C/P,00000000001642A,694,1.0,VITRINA DE ARETES 1,"S/N
",0,1,Factura doc. 001-050-000330526
442171,2025-10-25 09:39:07,7850,FUNDA REGALO SIN CODIGO N.4,00000000002669A,101,0.45,LOCAL PRINCIPAL,"S/N
",0,1,Factura doc. 001-050-000330525
442063,2025-10-24 18:59:28,7850,FUNDA REGALO SIN CODIGO N.4,00000000002669A,102,0.45,LOCAL PRINCIPAL,"S/N
",0,2,Factura doc. 001-050-000330505
442020,2025-10-24 18:15:23,5132,ARETES FASHION X3 C/P,00000000001642A,695,1.0,VITRINA DE ARETES 1,"S/N
",0,1,NotaVenta doc. 001-050-000084647
441988,2025-10-24 17:24:13,7850,FUNDA REGALO SIN CODIGO N.4,00000000002669A,104,0.45,LOCAL PRINCIPAL,"S/N
",0,1,Factura doc. 001-050-000330494
441981,2025-10-24 17:23:07,5893,ARETE ORTOPEDICO AMERICANO,00000000001964A,1884,1.04,VITRINA DE LABIALES,"S/N
",0,2,Factura doc. 001-050-000330493
441897,2025-10-24 15:56:14,7850,FUNDA REGALO SIN CODIGO N.4,00000000002669A,105,0.45,LOCAL PRINCIPAL,"S/N
",0,1,Factura doc. 001-050-000330480
441742,2025-10-24 11:45:44,5132,ARETES FASHION X3 C/P,00000000001642A,696,1.0,VITRINA DE ARETES 1,"S/N
",0,3,NotaVenta doc. 001-050-000084619
441672,2025-10-23 20:19:18,7850,FUNDA REGALO SIN CODIGO N.4,00000000002669A,106,0.45,LOCAL PRINCIPAL,"S/N
",0,1,NotaVenta doc. 001-050-000084616
441646,2025-10-23 19:26:22,8396,MOÑO LIGA GERALDY NEGRA,NC1672,1825,0.12,LOCAL PRINCIPAL,"S/N
",0,1,NotaVenta doc. 001-050-000084611
441630,2025-10-23 18:49:47,7850,FUNDA REGALO SIN CODIGO N.4,00000000002669A,107,0.45,LOCAL PRINCIPAL,"S/N
",0,2,Factura doc. 001-050-000330435
441600,2025-10-23 18:25:22,7850,FUNDA REGALO SIN CODIGO N.4,00000000002669A,109,0.45,LOCAL PRINCIPAL,"S/N
",0,1,Factura doc. 001-050-000330432
441535,2025-10-23 16:31:26,5132,ARETES FASHION X3 C/P,00000000001642A,699,1.0,VITRINA DE ARETES 1,"S/N
",0,2,NotaVenta doc. 001-050-000084587
441504,2025-10-23 16:04:04,4588,COBIJILLA ECONOMICA MODELOS ,00000000001371A,91,3.29,LOCAL DE EDREDONES,"S/N
",0,1,Factura doc. 001-050-000330415
441437,2025-10-23 14:28:41,5893,ARETE ORTOPEDICO AMERICANO,00000000001964A,1886,1.04,VITRINA DE LABIALES,"S/N
",0,2,NotaVenta doc. 001-050-000084576
441431,2025-10-23 14:24:43,4003,SOMBRILLA AUTOMATICA 525-5/600,00000000001163A,207,2.56,LOCAL PRINCIPAL,"S/N
",0,1,Factura doc. 001-050-000330408
441429,2025-10-23 14:18:05,5893,ARETE ORTOPEDICO AMERICANO,00000000001964A,1888,1.04,VITRINA DE LABIALES,"S/N
",0,1,NotaVenta doc. 001-050-000084575
441427,2025-10-23 14:08:16,4003,SOMBRILLA AUTOMATICA 525-5/600,00000000001163A,208,2.56,LOCAL PRINCIPAL,"S/N
",0,1,Factura doc. 001-050-000330407
441420,2025-10-23 14:02:33,5132,ARETES FASHION X3 C/P,00000000001642A,701,1.0,VITRINA DE ARETES 1,"S/N
",0,3,NotaVenta doc. 001-050-000084573
441375,2025-10-23 12:36:02,13320,CARRO HOT WHEELS BASICO,194735103065,170,2.65,SECCION DE JUGUETERIA,"IVA
",0,1,Factura doc. 001-050-000330400
441302,2025-10-23 10:38:32,7850,FUNDA REGALO SIN CODIGO N.4,00000000002669A,110,0.45,LOCAL PRINCIPAL,"S/N
",0,1,Factura doc. 001-050-000330395
441160,2025-10-22 17:09:43,8396,MOÑO LIGA GERALDY NEGRA,NC1672,1826,0.12,LOCAL PRINCIPAL,"S/N
",35,0,"bodega
"
441136,2025-10-22 16:23:58,13320,CARRO HOT WHEELS BASICO,194735103065,171,2.65,SECCION DE JUGUETERIA,"IVA
",0,36,Factura doc. 001-050-000330366
441106,2025-10-22 16:08:39,6421,PILA PANAPLUS AA,6933298820026,1901,0.44,TABLERO DE BROCHAS,"S/N
",0,1,Factura doc. 001-050-000330365
441029,2025-10-22 14:17:55,13320,CARRO HOT WHEELS BASICO,194735103065,207,2.65,SECCION DE JUGUETERIA,"IVA
",0,2,Factura doc. 001-050-000330353
440988,2025-10-22 12:11:54,6421,PILA PANAPLUS AA,6933298820026,1902,0.44,TABLERO DE BROCHAS,"S/N
",0,24,"SALE AL LOCAL 5
"
440972,2025-10-22 12:10:32,5132,ARETES FASHION X3 C/P,00000000001642A,704,1.0,VITRINA DE ARETES 1,"S/N
",0,12,Factura doc. 001-050-000330345
440925,2025-10-22 10:06:08,5132,ARETES FASHION X3 C/P,00000000001642A,716,1.0,VITRINA DE ARETES 1,"S/N
",0,3,Factura doc. 001-050-000330338
440919,2025-10-22 10:00:05,8396,MOÑO LIGA GERALDY NEGRA,NC1672,1791,0.12,LOCAL PRINCIPAL,"S/N
",0,1,Factura doc. 001-050-000330337
440909,2025-10-22 09:33:02,4003,SOMBRILLA AUTOMATICA 525-5/600,00000000001163A,209,2.56,LOCAL PRINCIPAL,"S/N
",0,1,Factura doc. 001-050-000330336
440880,2025-10-21 19:26:23,7850,FUNDA REGALO SIN CODIGO N.4,00000000002669A,111,0.45,LOCAL PRINCIPAL,"S/N
",0,1,NotaVenta doc. 001-050-000084506
440875,2025-10-21 19:18:04,7850,FUNDA REGALO SIN CODIGO N.4,00000000002669A,112,0.45,LOCAL PRINCIPAL,"S/N
",0,1,NotaVenta doc. 001-050-000084505
440826,2025-10-21 17:08:48,6715,PINCHO VARIOS CC8581 C/U,00000000002284A,451,0.4,TABLERO DE BISUTERIA,"S/N
",0,1,NotaVenta doc. 001-050-000084493
440754,2025-10-21 14:14:13,4003,SOMBRILLA AUTOMATICA 525-5/600,00000000001163A,210,2.56,LOCAL PRINCIPAL,"S/N
",0,1,Factura doc. 001-050-000330310
440746,2025-10-21 13:49:36,6715,PINCHO VARIOS CC8581 C/U,00000000002284A,452,0.4,TABLERO DE BISUTERIA,"S/N
",0,1,Factura doc. 001-050-000330307
440621,2025-10-21 10:03:46,8396,MOÑO LIGA GERALDY NEGRA,NC1672,1792,0.12,LOCAL PRINCIPAL,"S/N
",0,1,NotaVenta doc. 001-050-000084472
440608,2025-10-20 20:03:25,7850,FUNDA REGALO SIN CODIGO N.4,00000000002669A,113,0.45,LOCAL PRINCIPAL,"S/N
",0,1,NotaVenta doc. 001-050-000084469
440605,2025-10-20 20:03:17,7850,FUNDA REGALO SIN CODIGO N.4,00000000002669A,114,0.45,LOCAL PRINCIPAL,"S/N
",0,1,Factura doc. 001-050-000330289
440522,2025-10-20 16:29:53,6421,PILA PANAPLUS AA,6933298820026,1926,0.44,TABLERO DE BROCHAS,"S/N
",0,1,Factura doc. 001-050-000330279
440321,2025-10-20 11:26:09,5132,ARETES FASHION X3 C/P,00000000001642A,719,1.0,VITRINA DE ARETES 1,"S/N
",0,1,Factura doc. 001-050-000330253
440261,2025-10-19 19:04:28,8396,MOÑO LIGA GERALDY NEGRA,NC1672,1793,0.12,LOCAL PRINCIPAL,"S/N
",0,2,NotaVenta doc. 001-050-000084437
440246,2025-10-19 18:25:39,8396,MOÑO LIGA GERALDY NEGRA,NC1672,1795,0.12,LOCAL PRINCIPAL,"S/N
",0,1,NotaVenta doc. 001-050-000084435
440241,2025-10-19 18:21:03,13320,CARRO HOT WHEELS BASICO,194735103065,209,2.65,SECCION DE JUGUETERIA,"IVA
",0,1,NotaVenta doc. 001-050-000084434
440229,2025-10-19 17:32:21,5893,ARETE ORTOPEDICO AMERICANO,00000000001964A,1889,1.04,VITRINA DE LABIALES,"S/N
",0,1,NotaVenta doc. 001-050-000084427
440228,2025-10-19 17:30:11,5893,ARETE ORTOPEDICO AMERICANO,00000000001964A,1890,1.04,VITRINA DE LABIALES,"S/N
",0,1,NotaVenta doc. 001-050-000084426
440227,2025-10-19 17:30:11,13320,CARRO HOT WHEELS BASICO,194735103065,210,2.65,SECCION DE JUGUETERIA,"IVA
",0,1,NotaVenta doc. 001-050-000084426
440223,2025-10-19 17:24:45,5132,ARETES FASHION X3 C/P,00000000001642A,720,1.0,VITRINA DE ARETES 1,"S/N
",0,1,NotaVenta doc. 001-050-000084425
440203,2025-10-19 16:50:50,8396,MOÑO LIGA GERALDY NEGRA,NC1672,1796,0.12,LOCAL PRINCIPAL,"S/N
",0,1,Factura doc. 001-050-000330240
440194,2025-10-19 16:29:37,5893,ARETE ORTOPEDICO AMERICANO,00000000001964A,1891,1.04,VITRINA DE LABIALES,"S/N
",0,1,NotaVenta doc. 001-050-000084419
440158,2025-10-19 15:34:32,6715,PINCHO VARIOS CC8581 C/U,00000000002284A,453,0.4,TABLERO DE BISUTERIA,"S/N
",0,2,Factura doc. 001-050-000330232
440119,2025-10-19 15:06:27,5132,ARETES FASHION X3 C/P,00000000001642A,721,1.0,VITRINA DE ARETES 1,"S/N
",0,3,NotaVenta doc. 001-050-000084410
440114,2025-10-19 14:46:07,6715,PINCHO VARIOS CC8581 C/U,00000000002284A,455,0.4,TABLERO DE BISUTERIA,"S/N
",0,1,NotaVenta doc. 001-050-000084409
440113,2025-10-19 14:46:06,5132,ARETES FASHION X3 C/P,00000000001642A,724,1.0,VITRINA DE ARETES 1,"S/N
",0,1,NotaVenta doc. 001-050-000084409
440112,2025-10-19 14:36:07,4003,SOMBRILLA AUTOMATICA 525-5/600,00000000001163A,211,2.56,LOCAL PRINCIPAL,"S/N
",0,1,NotaVenta doc. 001-050-000084408
440111,2025-10-19 14:35:14,4003,SOMBRILLA AUTOMATICA 525-5/600,00000000001163A,212,2.56,LOCAL PRINCIPAL,"S/N
",0,1,Factura doc. 001-050-000330227
440110,2025-10-19 14:33:31,6715,PINCHO VARIOS CC8581 C/U,00000000002284A,456,0.4,TABLERO DE BISUTERIA,"S/N
",0,1,NotaVenta doc. 001-050-000084407
440086,2025-10-19 13:56:48,6715,PINCHO VARIOS CC8581 C/U,00000000002284A,457,0.4,TABLERO DE BISUTERIA,"S/N
",0,3,Factura doc. 001-050-000330224
440047,2025-10-19 12:27:46,4003,SOMBRILLA AUTOMATICA 525-5/600,00000000001163A,213,2.56,LOCAL PRINCIPAL,"S/N
",0,1,NotaVenta doc. 001-050-000084398
439987,2025-10-19 11:29:00,6715,PINCHO VARIOS CC8581 C/U,00000000002284A,460,0.4,TABLERO DE BISUTERIA,"S/N
",0,1,Factura doc. 001-050-000330203
439977,2025-10-19 11:09:39,5893,ARETE ORTOPEDICO AMERICANO,00000000001964A,1892,1.04,VITRINA DE LABIALES,"S/N
",240,0,"COMPRA NUEVA
"
439968,2025-10-19 10:59:55,5893,ARETE ORTOPEDICO AMERICANO,00000000001964A,1652,1.04,VITRINA DE LABIALES,"S/N
",0,1,Factura doc. 001-050-000330198
439957,2025-10-19 10:45:38,13320,CARRO HOT WHEELS BASICO,194735103065,211,2.65,SECCION DE JUGUETERIA,"IVA
",0,1,Factura doc. 001-050-000330195
439949,2025-10-19 10:37:42,8396,MOÑO LIGA GERALDY NEGRA,NC1672,1797,0.12,LOCAL PRINCIPAL,"S/N
",0,1,NotaVenta doc. 001-050-000084385
439939,2025-10-19 10:14:21,8396,MOÑO LIGA GERALDY NEGRA,NC1672,1798,0.12,LOCAL PRINCIPAL,"S/N
",0,5,NotaVenta doc. 001-050-000084383
439916,2025-10-18 21:46:56,8396,MOÑO LIGA GERALDY NEGRA,NC1672,1803,0.12,LOCAL PRINCIPAL,"S/N
",0,1,Factura doc. 001-050-000330183
439765,2025-10-18 16:36:03,7850,FUNDA REGALO SIN CODIGO N.4,00000000002669A,115,0.45,LOCAL PRINCIPAL,"S/N
",0,1,NotaVenta doc. 001-050-000084347
439726,2025-10-18 15:44:36,7850,FUNDA REGALO SIN CODIGO N.4,00000000002669A,116,0.45,LOCAL PRINCIPAL,"S/N
",0,2,Factura doc. 001-050-000330145
439720,2025-10-18 15:44:07,7850,FUNDA REGALO SIN CODIGO N.4,00000000002669A,118,0.45,LOCAL PRINCIPAL,"S/N
",0,1,Factura doc. 001-050-000330144
439691,2025-10-18 14:52:22,7850,FUNDA REGALO SIN CODIGO N.4,00000000002669A,119,0.45,LOCAL PRINCIPAL,"S/N
",0,1,Factura doc. 001-050-000330136
439684,2025-10-18 14:46:45,7850,FUNDA REGALO SIN CODIGO N.4,00000000002669A,120,0.45,LOCAL PRINCIPAL,"S/N
",0,1,Factura doc. 001-050-000330135
439679,2025-10-18 14:27:22,7850,FUNDA REGALO SIN CODIGO N.4,00000000002669A,121,0.45,LOCAL PRINCIPAL,"S/N
",0,2,Factura doc. 001-050-000330133
439673,2025-10-18 14:22:21,5132,ARETES FASHION X3 C/P,00000000001642A,725,1.0,VITRINA DE ARETES 1,"S/N
",0,1,NotaVenta doc. 001-050-000084338
439609,2025-10-18 12:44:48,6715,PINCHO VARIOS CC8581 C/U,00000000002284A,461,0.4,TABLERO DE BISUTERIA,"S/N
",0,1,Factura doc. 001-050-000330123
439603,2025-10-18 12:13:29,7850,FUNDA REGALO SIN CODIGO N.4,00000000002669A,123,0.45,LOCAL PRINCIPAL,"S/N
",0,1,Factura doc. 001-050-000330120
439566,2025-10-18 11:43:54,6421,PILA PANAPLUS AA,6933298820026,1927,0.44,TABLERO DE BROCHAS,"S/N
",0,1,Factura doc. 001-050-000330112
439568,2025-10-18 11:43:54,7850,FUNDA REGALO SIN CODIGO N.4,00000000002669A,124,0.45,LOCAL PRINCIPAL,"S/N
",0,2,Factura doc. 001-050-000330112
439551,2025-10-18 10:49:43,8396,MOÑO LIGA GERALDY NEGRA,NC1672,1804,0.12,LOCAL PRINCIPAL,"S/N
",0,1,Factura doc. 001-050-000330105
439546,2025-10-18 10:42:24,7850,FUNDA REGALO SIN CODIGO N.4,00000000002669A,126,0.45,LOCAL PRINCIPAL,"S/N
",0,1,Factura doc. 001-050-000330104
439545,2025-10-18 10:36:44,13320,CARRO HOT WHEELS BASICO,194735103065,212,2.65,SECCION DE JUGUETERIA,"IVA
",0,2,Factura doc. 001-050-000330103
439537,2025-10-18 10:28:10,13320,CARRO HOT WHEELS BASICO,194735103065,214,2.65,SECCION DE JUGUETERIA,"IVA
",0,4,Factura doc. 001-050-000330101
439498,2025-10-17 19:05:08,7850,FUNDA REGALO SIN CODIGO N.4,00000000002669A,127,0.45,LOCAL PRINCIPAL,"S/N
",0,1,Factura doc. 001-050-000330091
439487,2025-10-17 18:31:53,4588,COBIJILLA ECONOMICA MODELOS ,00000000001371A,92,3.29,LOCAL DE EDREDONES,"S/N
",0,2,Factura doc. 001-050-000330087
439443,2025-10-17 17:06:40,13320,CARRO HOT WHEELS BASICO,194735103065,218,2.65,SECCION DE JUGUETERIA,"IVA
",0,1,Factura doc. 001-050-000330073
439428,2025-10-17 16:51:36,6715,PINCHO VARIOS CC8581 C/U,00000000002284A,462,0.4,TABLERO DE BISUTERIA,"S/N
",0,1,NotaVenta doc. 001-050-000084313
439412,2025-10-17 16:27:08,4588,COBIJILLA ECONOMICA MODELOS ,00000000001371A,94,3.29,LOCAL DE EDREDONES,"S/N
",24,0,"LOCAL  MATRIZ
"
439400,2025-10-17 16:10:30,6715,PINCHO VARIOS CC8581 C/U,00000000002284A,463,0.4,TABLERO DE BISUTERIA,"S/N
",0,1,Factura doc. 001-050-000330066
439342,2025-10-17 14:43:34,8396,MOÑO LIGA GERALDY NEGRA,NC1672,1805,0.12,LOCAL PRINCIPAL,"S/N
",0,1,NotaVenta doc. 001-050-000084300
439318,2025-10-17 13:46:10,8396,MOÑO LIGA GERALDY NEGRA,NC1672,1806,0.12,LOCAL PRINCIPAL,"S/N
",0,1,Factura doc. 001-050-000330053
439313,2025-10-17 13:46:10,7850,FUNDA REGALO SIN CODIGO N.4,00000000002669A,128,0.45,LOCAL PRINCIPAL,"S/N
",0,1,Factura doc. 001-050-000330053
439184,2025-10-17 10:53:22,8396,MOÑO LIGA GERALDY NEGRA,NC1672,1807,0.12,LOCAL PRINCIPAL,"S/N
",0,1,Factura doc. 001-050-000330035
439161,2025-10-16 20:04:00,5893,ARETE ORTOPEDICO AMERICANO,00000000001964A,1653,1.04,VITRINA DE LABIALES,"S/N
",0,3,NotaVenta doc. 001-050-000084282
439156,2025-10-16 20:01:02,5893,ARETE ORTOPEDICO AMERICANO,00000000001964A,1656,1.04,VITRINA DE LABIALES,"S/N
",0,5,Factura doc. 001-050-000330027
439144,2025-10-16 19:15:53,13320,CARRO HOT WHEELS BASICO,194735103065,219,2.65,SECCION DE JUGUETERIA,"IVA
",0,1,NotaVenta doc. 001-050-000084277
439128,2025-10-16 18:44:09,7850,FUNDA REGALO SIN CODIGO N.4,00000000002669A,129,0.45,LOCAL PRINCIPAL,"S/N
",0,1,NotaVenta doc. 001-050-000084273
439118,2025-10-16 18:17:56,13320,CARRO HOT WHEELS BASICO,194735103065,220,2.65,SECCION DE JUGUETERIA,"IVA
",0,3,Factura doc. 001-050-000330019
439026,2025-10-16 15:12:57,4003,SOMBRILLA AUTOMATICA 525-5/600,00000000001163A,214,2.56,LOCAL PRINCIPAL,"S/N
",0,2,Factura doc. 001-050-000330001
439007,2025-10-16 14:17:40,4003,SOMBRILLA AUTOMATICA 525-5/600,00000000001163A,216,2.56,LOCAL PRINCIPAL,"S/N
",0,1,NotaVenta doc. 001-050-000084262
438941,2025-10-16 11:06:08,5893,ARETE ORTOPEDICO AMERICANO,00000000001964A,1661,1.04,VITRINA DE LABIALES,"S/N
",0,1,NotaVenta doc. 001-050-000084255
438896,2025-10-15 19:34:11,5132,ARETES FASHION X3 C/P,00000000001642A,726,1.0,VITRINA DE ARETES 1,"S/N
",0,3,Factura doc. 001-050-000329979
438847,2025-10-15 17:39:02,8396,MOÑO LIGA GERALDY NEGRA,NC1672,1808,0.12,LOCAL PRINCIPAL,"S/N
",0,2,NotaVenta doc. 001-050-000084226
438840,2025-10-15 17:34:13,4003,SOMBRILLA AUTOMATICA 525-5/600,00000000001163A,217,2.56,LOCAL PRINCIPAL,"S/N
",0,2,NotaVenta doc. 001-050-000084225
438820,2025-10-15 17:18:52,4003,SOMBRILLA AUTOMATICA 525-5/600,00000000001163A,219,2.56,LOCAL PRINCIPAL,"S/N
",0,1,Factura doc. 001-050-000329971
438813,2025-10-15 16:42:20,4003,SOMBRILLA AUTOMATICA 525-5/600,00000000001163A,220,2.56,LOCAL PRINCIPAL,"S/N
",120,0,"COMPRA NUEVA
"
438806,2025-10-15 16:22:53,4003,SOMBRILLA AUTOMATICA 525-5/600,00000000001163A,100,2.56,LOCAL PRINCIPAL,"S/N
",0,12,"MERCADO
"
438799,2025-10-15 16:19:52,5893,ARETE ORTOPEDICO AMERICANO,00000000001964A,1662,1.04,VITRINA DE LABIALES,"S/N
",0,1,Factura doc. 001-050-000329970
438698,2025-10-15 14:05:16,6715,PINCHO VARIOS CC8581 C/U,00000000002284A,464,0.4,TABLERO DE BISUTERIA,"S/N
",0,1,Factura doc. 001-050-000329960
438693,2025-10-15 14:00:13,4003,SOMBRILLA AUTOMATICA 525-5/600,00000000001163A,112,2.56,LOCAL PRINCIPAL,"S/N
",0,2,Factura doc. 001-050-000329959
438681,2025-10-15 13:01:14,13320,CARRO HOT WHEELS BASICO,194735103065,223,2.65,SECCION DE JUGUETERIA,"IVA
",0,1,NotaVenta doc. 001-050-000084204
438627,2025-10-14 19:18:54,7850,FUNDA REGALO SIN CODIGO N.4,00000000002669A,130,0.45,LOCAL PRINCIPAL,"S/N
",0,1,Factura doc. 001-050-000329947
438618,2025-10-14 19:00:47,6421,PILA PANAPLUS AA,6933298820026,1928,0.44,TABLERO DE BROCHAS,"S/N
",0,1,NotaVenta doc. 001-050-000084190
438569,2025-10-14 17:08:10,6421,PILA PANAPLUS AA,6933298820026,1929,0.44,TABLERO DE BROCHAS,"S/N
",0,2,Factura doc. 001-050-000329938
438568,2025-10-14 17:08:10,7850,FUNDA REGALO SIN CODIGO N.4,00000000002669A,131,0.45,LOCAL PRINCIPAL,"S/N
",0,2,Factura doc. 001-050-000329938
438525,2025-10-14 15:47:59,4003,SOMBRILLA AUTOMATICA 525-5/600,00000000001163A,114,2.56,LOCAL PRINCIPAL,"S/N
",0,2,Factura doc. 001-050-000329930
438522,2025-10-14 15:43:01,4003,SOMBRILLA AUTOMATICA 525-5/600,00000000001163A,116,2.56,LOCAL PRINCIPAL,"S/N
",0,1,Factura doc. 001-050-000329929
438392,2025-10-14 12:03:31,5132,ARETES FASHION X3 C/P,00000000001642A,729,1.0,VITRINA DE ARETES 1,"S/N
",0,1,NotaVenta doc. 001-050-000084170
438386,2025-10-14 11:30:32,4003,SOMBRILLA AUTOMATICA 525-5/600,00000000001163A,117,2.56,LOCAL PRINCIPAL,"S/N
",0,1,NotaVenta doc. 001-050-000084169
438384,2025-10-14 11:29:12,4003,SOMBRILLA AUTOMATICA 525-5/600,00000000001163A,118,2.56,LOCAL PRINCIPAL,"S/N
",0,2,Factura doc. 001-050-000329915
438377,2025-10-14 11:18:05,8396,MOÑO LIGA GERALDY NEGRA,NC1672,1810,0.12,LOCAL PRINCIPAL,"S/N
",0,1,Factura doc. 001-050-000329912
438358,2025-10-14 10:22:31,6421,PILA PANAPLUS AA,6933298820026,1931,0.44,TABLERO DE BROCHAS,"S/N
",0,1,NotaVenta doc. 001-050-000084165
438305,2025-10-13 18:09:17,5893,ARETE ORTOPEDICO AMERICANO,00000000001964A,1663,1.04,VITRINA DE LABIALES,"S/N
",0,1,NotaVenta doc. 001-050-000084160
438275,2025-10-13 16:45:51,5132,ARETES FASHION X3 C/P,00000000001642A,730,1.0,VITRINA DE ARETES 1,"S/N
",0,1,NotaVenta doc. 001-050-000084152
438272,2025-10-13 16:39:53,5132,ARETES FASHION X3 C/P,00000000001642A,731,1.0,VITRINA DE ARETES 1,"S/N
",0,1,NotaVenta doc. 001-050-000084151
438265,2025-10-13 16:15:41,8396,MOÑO LIGA GERALDY NEGRA,NC1672,1811,0.12,LOCAL PRINCIPAL,"S/N
",0,1,NotaVenta doc. 001-050-000084148
438262,2025-10-13 15:35:56,4003,SOMBRILLA AUTOMATICA 525-5/600,00000000001163A,120,2.56,LOCAL PRINCIPAL,"S/N
",0,1,NotaVenta doc. 001-050-000084145
438257,2025-10-13 15:25:44,4003,SOMBRILLA AUTOMATICA 525-5/600,00000000001163A,121,2.56,LOCAL PRINCIPAL,"S/N
",0,1,NotaVenta doc. 001-050-000084143
438247,2025-10-13 14:47:39,4003,SOMBRILLA AUTOMATICA 525-5/600,00000000001163A,122,2.56,LOCAL PRINCIPAL,"S/N
",0,1,NotaVenta doc. 001-050-000084140
438241,2025-10-13 14:14:52,4003,SOMBRILLA AUTOMATICA 525-5/600,00000000001163A,123,2.56,LOCAL PRINCIPAL,"S/N
",0,1,NotaVenta doc. 001-050-000084138
438231,2025-10-13 13:47:48,8396,MOÑO LIGA GERALDY NEGRA,NC1672,1812,0.12,LOCAL PRINCIPAL,"S/N
",0,1,NotaVenta doc. 001-050-000084135
